Sunrise;Sunset
09:01:00;15:33:00
09:00:00;15:34:00
09:00:00;15:36:00
08:59:00;15:37:00
08:59:00;15:39:00
08:58:00;15:40:00
08:57:00;15:42:00
08:56:00;15:44:00
08:55:00;15:45:00
08:54:00;15:47:00
08:53:00;15:49:00
08:52:00;15:51:00
08:51:00;15:53:00
08:50:00;15:55:00
08:49:00;15:57:00
08:47:00;15:59:00
08:46:00;16:01:00
08:44:00;16:03:00
08:43:00;16:06:00
08:41:00;16:08:00
08:39:00;16:10:00
08:38:00;16:12:00
08:36:00;16:14:00
08:34:00;16:17:00
08:32:00;16:19:00
08:30:00;16:21:00
08:29:00;16:24:00
08:27:00;16:26:00
08:25:00;16:29:00
08:23:00;16:31:00
08:20:00;16:33:00
08:18:00;16:36:00
08:16:00;16:38:00
08:14:00;16:41:00
08:12:00;16:43:00
08:09:00;16:45:00
08:07:00;16:48:00
08:05:00;16:50:00
08:03:00;16:53:00
08:00:00;16:55:00
07:58:00;16:58:00
07:55:00;17:00:00
07:53:00;17:03:00
07:50:00;17:05:00
07:48:00;17:07:00
07:45:00;17:10:00
07:43:00;17:12:00
07:40:00;17:15:00
07:38:00;17:17:00
07:35:00;17:20:00
07:33:00;17:22:00
07:30:00;17:24:00
07:27:00;17:27:00
07:25:00;17:29:00
07:22:00;17:32:00
07:19:00;17:34:00
07:17:00;17:36:00
07:14:00;17:39:00
07:11:00;17:41:00
07:09:00;17:43:00
07:06:00;17:46:00
07:03:00;17:48:00
07:00:00;17:51:00
06:57:00;17:53:00
06:55:00;17:55:00
06:52:00;17:58:00
06:49:00;18:00:00
06:46:00;18:02:00
06:44:00;18:04:00
06:41:00;18:07:00
06:38:00;18:09:00
06:35:00;18:11:00
06:32:00;18:14:00
06:29:00;18:16:00
06:27:00;18:18:00
06:24:00;18:21:00
06:21:00;18:23:00
06:18:00;18:25:00
06:15:00;18:27:00
06:12:00;18:30:00
06:09:00;18:32:00
06:07:00;18:34:00
06:04:00;18:36:00
07:01:00;19:39:00
06:58:00;19:41:00
06:55:00;19:43:00
06:52:00;19:46:00
06:49:00;19:48:00
06:47:00;19:50:00
06:44:00;19:52:00
06:41:00;19:55:00
06:38:00;19:57:00
06:35:00;19:59:00
06:32:00;20:01:00
06:29:00;20:04:00
06:27:00;20:06:00
06:24:00;20:08:00
06:21:00;20:10:00
06:18:00;20:13:00
06:15:00;20:15:00
06:13:00;20:17:00
06:10:00;20:20:00
06:07:00;20:22:00
06:04:00;20:24:00
06:01:00;20:26:00
05:59:00;20:29:00
05:56:00;20:31:00
05:53:00;20:33:00
05:50:00;20:36:00
05:48:00;20:38:00
05:45:00;20:40:00
05:42:00;20:42:00
05:40:00;20:45:00
05:37:00;20:47:00
05:34:00;20:49:00
05:32:00;20:52:00
05:29:00;20:54:00
05:27:00;20:56:00
05:24:00;20:58:00
05:21:00;21:01:00
05:19:00;21:03:00
05:16:00;21:05:00
05:14:00;21:08:00
05:12:00;21:10:00
05:09:00;21:12:00
05:07:00;21:14:00
05:04:00;21:17:00
05:02:00;21:19:00
05:00:00;21:21:00
04:57:00;21:23:00
04:55:00;21:25:00
04:53:00;21:28:00
04:51:00;21:30:00
04:48:00;21:32:00
04:46:00;21:34:00
04:44:00;21:36:00
04:42:00;21:38:00
04:40:00;21:40:00
04:38:00;21:42:00
04:36:00;21:44:00
04:34:00;21:47:00
04:32:00;21:48:00
04:31:00;21:50:00
04:29:00;21:52:00
04:27:00;21:54:00
04:25:00;21:56:00
04:24:00;21:58:00
04:22:00;22:00:00
04:21:00;22:01:00
04:19:00;22:03:00
04:18:00;22:05:00
04:17:00;22:06:00
04:15:00;22:08:00
04:14:00;22:09:00
04:13:00;22:11:00
04:12:00;22:12:00
04:11:00;22:13:00
04:10:00;22:15:00
04:09:00;22:16:00
04:08:00;22:17:00
04:08:00;22:18:00
04:07:00;22:19:00
04:07:00;22:20:00
04:06:00;22:21:00
04:06:00;22:21:00
04:05:00;22:22:00
04:05:00;22:23:00
04:05:00;22:23:00
04:05:00;22:24:00
04:05:00;22:24:00
04:05:00;22:24:00
04:05:00;22:25:00
04:05:00;22:25:00
04:06:00;22:25:00
04:06:00;22:25:00
04:06:00;22:25:00
04:07:00;22:25:00
04:08:00;22:24:00
04:08:00;22:24:00
04:09:00;22:24:00
04:10:00;22:23:00
04:11:00;22:23:00
04:12:00;22:22:00
04:13:00;22:21:00
04:14:00;22:20:00
04:15:00;22:19:00
04:16:00;22:19:00
04:18:00;22:18:00
04:19:00;22:16:00
04:20:00;22:15:00
04:22:00;22:14:00
04:23:00;22:13:00
04:25:00;22:12:00
04:26:00;22:10:00
04:28:00;22:09:00
04:30:00;22:07:00
04:31:00;22:06:00
04:33:00;22:04:00
04:35:00;22:02:00
04:37:00;22:01:00
04:39:00;21:59:00
04:41:00;21:57:00
04:43:00;21:55:00
04:45:00;21:53:00
04:46:00;21:51:00
04:49:00;21:49:00
04:51:00;21:47:00
04:53:00;21:45:00
04:55:00;21:43:00
04:57:00;21:41:00
04:59:00;21:39:00
05:01:00;21:37:00
05:03:00;21:34:00
05:05:00;21:32:00
05:07:00;21:30:00
05:09:00;21:27:00
05:12:00;21:25:00
05:14:00;21:23:00
05:16:00;21:20:00
05:18:00;21:18:00
05:20:00;21:15:00
05:23:00;21:13:00
05:25:00;21:10:00
05:27:00;21:08:00
05:29:00;21:05:00
05:31:00;21:03:00
05:34:00;21:00:00
05:36:00;20:57:00
05:38:00;20:55:00
05:40:00;20:52:00
05:43:00;20:49:00
05:45:00;20:47:00
05:47:00;20:44:00
05:49:00;20:41:00
05:51:00;20:39:00
05:54:00;20:36:00
05:56:00;20:33:00
05:58:00;20:30:00
06:00:00;20:28:00
06:02:00;20:25:00
06:05:00;20:22:00
06:07:00;20:19:00
06:09:00;20:16:00
06:11:00;20:14:00
06:13:00;20:11:00
06:15:00;20:08:00
06:18:00;20:05:00
06:20:00;20:02:00
06:22:00;20:00:00
06:24:00;19:57:00
06:26:00;19:54:00
06:29:00;19:51:00
06:31:00;19:48:00
06:33:00;19:45:00
06:35:00;19:42:00
06:37:00;19:39:00
06:39:00;19:37:00
06:42:00;19:34:00
06:44:00;19:31:00
06:46:00;19:28:00
06:48:00;19:25:00
06:50:00;19:22:00
06:52:00;19:19:00
06:55:00;19:16:00
06:57:00;19:14:00
06:59:00;19:11:00
07:01:00;19:08:00
07:03:00;19:05:00
07:06:00;19:02:00
07:08:00;18:59:00
07:10:00;18:56:00
07:12:00;18:54:00
07:14:00;18:51:00
07:17:00;18:48:00
07:19:00;18:45:00
07:21:00;18:42:00
07:23:00;18:39:00
07:25:00;18:37:00
07:28:00;18:34:00
07:30:00;18:31:00
07:32:00;18:28:00
07:34:00;18:25:00
07:37:00;18:23:00
07:39:00;18:20:00
07:41:00;18:17:00
07:43:00;18:14:00
07:46:00;18:11:00
07:48:00;18:09:00
07:50:00;18:06:00
07:53:00;18:03:00
07:55:00;18:01:00
07:57:00;17:58:00
07:59:00;17:55:00
08:02:00;17:53:00
08:04:00;17:50:00
08:06:00;17:47:00
08:09:00;17:45:00
08:11:00;17:42:00
08:13:00;17:40:00
08:16:00;17:37:00
07:18:00;16:35:00
07:21:00;16:32:00
07:23:00;16:30:00
07:25:00;16:27:00
07:28:00;16:25:00
07:30:00;16:22:00
07:32:00;16:20:00
07:35:00;16:18:00
07:37:00;16:15:00
07:39:00;16:13:00
07:42:00;16:11:00
07:44:00;16:09:00
07:47:00;16:06:00
07:49:00;16:04:00
07:51:00;16:02:00
07:54:00;16:00:00
07:56:00;15:58:00
07:58:00;15:56:00
08:01:00;15:54:00
08:03:00;15:52:00
08:05:00;15:50:00
08:07:00;15:48:00
08:10:00;15:47:00
08:12:00;15:45:00
08:14:00;15:43:00
08:16:00;15:42:00
08:18:00;15:40:00
08:21:00;15:38:00
08:23:00;15:37:00
08:25:00;15:35:00
08:27:00;15:34:00
08:29:00;15:33:00
08:31:00;15:32:00
08:33:00;15:30:00
08:34:00;15:29:00
08:36:00;15:28:00
08:38:00;15:27:00
08:40:00;15:26:00
08:42:00;15:25:00
08:43:00;15:25:00
08:45:00;15:24:00
08:46:00;15:23:00
08:48:00;15:23:00
08:49:00;15:22:00
08:50:00;15:22:00
08:52:00;15:22:00
08:53:00;15:21:00
08:54:00;15:21:00
08:55:00;15:21:00
08:56:00;15:21:00
08:57:00;15:21:00
08:58:00;15:21:00
08:58:00;15:22:00
08:59:00;15:22:00
09:00:00;15:23:00
09:00:00;15:23:00
09:01:00;15:24:00
09:01:00;15:24:00
09:01:00;15:25:00
09:01:00;15:26:00
09:02:00;15:27:00
09:02:00;15:28:00
09:01:00;15:29:00
09:01:00;15:30:00
09:01:00;15:31:00
